Promoter Name,Address,Builder Pin Code,Email,Phone Number,Name,Location,Project Pin Code,Registration No.,Valid Until,Construction Status,Certificate,Extension Certificate
NBCC INDIA LIMITED,"NBCC INDIA LTD NBCC BHAWAN, LODHI ROAD,SOUTH DELHI,,,",None,sales.nauroji@nbccindia.com,8450971027,"Down Town, Sarojini Nagar, New Delhi","Sarojini Nagar, Ring Road,Tehsil ChanakyaPuri, District :South West Delhi, New Delhi- 110023 , South West Delhi, Delhi, South West Delhi , 110003",110003,DLRERE2022P0011,08/07/2025,On going,https://www.rera.delhi.gov.in/registered_promoters_list/online_view_periodic_progress_reports_history/DLRERE2022P0011,Not Applicable
PARIVAR PROPERTIES PVT. LTD.,"12, RING ROAD, LAJPAT NAGAR-IV, NEW DELHI - 110024,LAJPAT NAGAR-IV,delhi,NEW DELHI,110024",110024,arunverma@globalrealty.co.in,8373912274,Jubilee Bazar,"Dr. HC Sen Road, Near Kauria Pul, North Delhi , Chandni Chowk, Delhi, North Delhi , 110006",110006,DLRERE2022P0010,31/01/2023,On going,https://www.rera.delhi.gov.in/registered_promoters_list/online_view_periodic_progress_reports_history/DLRERE2022P0010,Not Applicable
ORCHID INDIA INFRAMART LLP,"KOTHI NO 3, ON FIRST FLOOR , SECTOR 11,DWARKA, NEW DELHI ,NEW DELHI,delhi,SOUTH WEST DELHI,110075",110075,consulateapartments2022@gmail.com,9971193447,THE CONSULATE APARTMENTS,"Plot / Khasra No. 112/2, 05-09, Situated Extended Lal Dora, Village Dhoolsiras, Tehsil Dwarka, New Delhi , NEW DELHI, Delhi, DWARKA , 110075",110075,DLRERA2023P0005,20/10/2027,On going,https://www.rera.delhi.gov.in/registered_promoters_list/online_view_periodic_progress_reports_history/DLRERA2023P0005,Not Applicable
BDR BUILDTECH PRIVATE LIMITED,"21, RING ROAD THIRD FLOOR FRONT PORTION LAJPAT NAGAR IV SOUTH DELHI-110024 DELHI,South East,delhi,SOUTH DELHI,110024",110024,rajesh393@gmail.com,9810031551,W 34,"W 34, GREATER KAILASH II, NEW DELHI 110048 , SOUTH, Delhi, SOUTH DELHI , 110048",110048,DLRERA2023P0004,28/02/2023,,https://www.rera.delhi.gov.in/registered_promoters_list/online_view_periodic_progress_reports_history/DLRERA2023P0004,Not Applicable
RSDR BUILDERS PRIVATE LIMITED,"65/2, Masjid Road, Bhogal, New Delhi, south Delhi, Delhi, India, 110014,South West,delhi,SOUTH DELHI,110014",110014,shashank@bdrbuildtech.com,09810528638,32 link road,"32 LINK ROAD , SOUTH , Delhi, SOUTH DELHI , 110024",110024,DLRERA2023P0003,,Completed,https://www.rera.delhi.gov.in/registered_promoters_list/online_view_periodic_progress_reports_history/DLRERA2023P0003,Not Applicable
BDR BUILDERS AND DEVELOPERS PRIVATE LIMITED,"C-43, LGF, JANGPURA EXTENSION,NEW DELHI,delhi,SOUTH EAST,110014",110014,shreyanshguptabdr@gmail.com,09910754359,"G-49, EAST OF KAILSH, NEW DELHI-110065","G-49, EAST OF KAILSH, NEW DELHI-110065 , SOUTH DELHI, Delhi, SOUTH , 110065",110065,DLRERA2023P0002,31/03/2023,On going,https://www.rera.delhi.gov.in/registered_promoters_list/online_view_periodic_progress_reports_history/DLRERA2023P0002,Not Applicable
RAHEJA DEVELOPERS LIMITED,"W4D, 204/5, Keshav Kunj, Cariappa Marg, Western Avenue, Sainik Farms,New Delhi,delhi,Delhi,110062",110062,shreya.goel@raheja.com,9971091904,PMAY-KATHPUTLI COLONY,"KATHPUTLI COLONY,MAIN PATEL NAGAR NEW DELHI , New Delhi, Delhi, New Delhi , 110008",110008,DLRERA2023P0001,31/03/2024,On going,https://www.rera.delhi.gov.in/registered_promoters_list/online_view_periodic_progress_reports_history/DLRERA2023P0001,Not Applicable
NBCC (INDIA) LIMITED,"NBCC Bhawan, Lodhi Road New Delhi,New Delhi,,,",None,nbccavn@gmail.com,8527559481,Grande Rue,"Ayur Vigyan Nagar, New Delhi , North East Delhi, AIIMS at Ayur Vigyan Nagar, New Delhi., Delhi, North East Delhi , 110049",110049,DLRERA2022P0047,31/12/2024,On going,https://www.rera.delhi.gov.in/registered_promoters_list/online_view_periodic_progress_reports_history/DLRERA2022P0047,Not Applicable
FOOTWEAR (KLICK) INDIA PVT. LTD.,"D-3, Udyog Nagar, New Delhi - 110041,New Delhi,delhi,Delhi,110041",110041,ajay@lancerfootwear.in,9211888223,"Plot No. 2, Road No. 63, Punjabi Bagh","Plot No. 2, Road No. 63, Punjabi Bagh West, New Delhi , Delhi, Delhi, Delhi , 110026",110026,DLRERA2022P0046,,Completed,https://www.rera.delhi.gov.in/registered_promoters_list/online_view_periodic_progress_reports_history/DLRERA2022P0046,Not Applicable
NBCC INDIA LIMITED,"NBCC INDIA LTD NBCC BHAWAN, LODHI ROAD,SOUTH DELHI,,,",None,sales.nauroji@nbccindia.com,8450971027,Redevelopment of GPRA Colony Netaji Nagar New Delhi,"Netaji Nagar, Africa Avenue Marg, District: South West Delhi, New Delhi-110023 , South West Delhi, Delhi, South West Delhi , 110023",110023,DLRERA2022P0045,31/03/2025,On going,https://www.rera.delhi.gov.in/registered_promoters_list/online_view_periodic_progress_reports_history/DLRERA2022P0045,Not Applicable
NBCC INDIA LIMITED,"NBCC INDIA LTD NBCC BHAWAN, LODHI ROAD,SOUTH DELHI,,,",None,sales.nauroji@nbccindia.com,8450971027,"GPRA Colony at Sriniwaspuri, New Delhi","General Pool Residential Colony(GPRA),Sriniwaspuri, New Delhi-110065 , SOUTH DELHI, Delhi, SOUTH DELHI , 110065",110065,DLRERA2022P0044,31/12/2025,On going,https://www.rera.delhi.gov.in/registered_promoters_list/online_view_periodic_progress_reports_history/DLRERA2022P0044,Not Applicable
NBCC INDIA LIMITED,"NBCC INDIA LTD NBCC BHAWAN, LODHI ROAD,SOUTH DELHI,,,",None,sales.nauroji@nbccindia.com,8450971027,"Redevelopment of GPRA Colony at Mohammadpur, New Delhi","Mohammadpur, New Delhi-110066 , South West Delhi, Delhi, South West Delhi , 110066",110066,DLRERA2022P0043,31/03/2023,On going,https://www.rera.delhi.gov.in/registered_promoters_list/online_view_periodic_progress_reports_history/DLRERA2022P0043,Not Applicable
NBCC INDIA LIMITED,"NBCC INDIA LTD NBCC BHAWAN, LODHI ROAD,SOUTH DELHI,,,",None,sales.nauroji@nbccindia.com,8450971027,Redevelopment of General Pool Residential Colony at Kasturba Nagar New Delhi.,"GPRA Colony at Kasturba Nagar, New Delhi-110003 , SOUTH DELHI, Delhi, SOUTH DELHI , 110003",110003,DLRERA2022P0042,31/12/2025,On going,https://www.rera.delhi.gov.in/registered_promoters_list/online_view_periodic_progress_reports_history/DLRERA2022P0042,Not Applicable
INFRATECH FORCE LLP,"PLOT NO. 3, 3RD FLOOR VILLAGE MALIKPUR CHHAONI BLOCK B MODEL TOWN DELHI North West DL 110009 IN,MODEL TOWN,delhi,NORTH WEST,110009",110009,abhinav@pristinelegal.com,8588081414,Infratech Force LLP,"Plot No.1 Block B Lawrence Road Industrial Area, Delhi-35 , Sub Registrar VIA, Delhi, Delhi, NORTH WEST , 110035",110035,DLRERA2022P0041,28/02/2026,On going,https://www.rera.delhi.gov.in/registered_promoters_list/online_view_periodic_progress_reports_history/DLRERA2022P0041,Not Applicable
THE HOME LIVING COOPERTAIVE GROUP HOUSING SOCIETY LIMITED,"Plot No. 14, Sector-9, Dwarka, New Delhi,Delhi,delhi,Dwarka,110077",110077,tothehomeliving@gmail.com,9990668913,The Home Living CGHS Limited,"Plot No. 14, Sector - 9, Dwarka, New Delhi - 110 077 , Dwarka, Delhi, Dwarka , 110077",110077,DLRERA2022P0040,,Completed,https://www.rera.delhi.gov.in/registered_promoters_list/online_view_periodic_progress_reports_history/DLRERA2022P0040,Not Applicable
BDR BUILDERS AND DEVELOPERS PRIVATE LIMITED,"C-43, LGF, JANGPURA EXTENSION,NEW DELHI,delhi,SOUTH EAST,110014",110014,shreyanshguptabdr@gmail.com,09910754359,"F-11, HAUZ KHAS ENCLAVE, NEW DELHI","F-11, HAUZ KHAS ENCLAVE, NEW DELHI , NEW DELHI, Delhi, SOUTH DISTRICT , 110016",110016,DLRERA2022P0039,31/12/2022,Completed,https://www.rera.delhi.gov.in/registered_promoters_list/online_view_periodic_progress_reports_history/DLRERA2022P0039,Not Applicable
DELHI DEVELOPMENT AUTHORITY,"DPD-1,DDA, Central nursery, sector-5 Dwarka, New Delhi-110075,Dwarka,,,",None,eeswd9dda@gmail.com,9818724896,C/o 821 Multi-storeyed Houses (600 Two bedrooms & 221 EWS) in pocket-E at Lok Nayak Puram (Bakkarwala).,"Pocket-E, Lok Nayak Puram Bakkarwala , Punjabi Bagh, Delhi, West Delhi , 110041",110041,DLRERA2022P0038,30/08/2023,Completed,https://www.rera.delhi.gov.in/registered_promoters_list/online_view_periodic_progress_reports_history/DLRERA2022P0038,Not Applicable
DELHI DEVELOPMENT AUTHORITY,"Office Of The Executive Engineer DPD-5/DDA, B2B Block, Janakpuri, New Delhi-110058,South West Delhi,,,",None,eewd13@gmail.com,8800141239,"C/o 1568 DU’s/600 Cat-II (312 DU’s 2 BHK+ 288 DU’s 1 BHK) and 968 EWS Multistoried Composite Houses Including internal development and Electrification in Pocket -5, Sector-14, Dwarka, Phase-II.","Pocket-V, Sector-14, Dwarka , South West Delhi, Delhi, South-west Delhi , 110078",110078,DLRERA2022P0037,30/08/2023,On going,https://www.rera.delhi.gov.in/registered_promoters_list/online_view_periodic_progress_reports_history/DLRERA2022P0037,Not Applicable
DELHI DEVELOPMENT AUTHORITY,"EE/NMD-3/DDA Munim ji ka bagh narela Delhi 110040.,Narela,,,",None,eend4dda@gmail.com,8130407234,DDA housing project Pocket 1C sector A1-A4 Narela District North.,"Pkt 1C Sector A1 to A4 Narela Delhi 110040 , Narela, Delhi, North Delhi , 110040",110040,DLRERA2022P0036,30/08/2023,,https://www.rera.delhi.gov.in/registered_promoters_list/online_view_periodic_progress_reports_history/DLRERA2022P0036,Not Applicable
DELHI DEVELOPMENT AUTHORITY,"EE/NMD-3/DDA Munim ji ka bagh narela Delhi 110040.,Narela,,,",None,eend4dda@gmail.com,8130407234,DDA housing project Pocket 1B sector A1-A4 Narela District North.,"Sector A1 to A4 Narela , Narela, Delhi, North Delhi , 110040",110040,DLRERA2022P0035,30/08/2023,,https://www.rera.delhi.gov.in/registered_promoters_list/online_view_periodic_progress_reports_history/DLRERA2022P0035,Not Applicable
DELHI DEVELOPMENT AUTHORITY,"DDA office complex Ashok Vihar Phase 1 near Railway underpass,Ashok Vihar,,,",None,eend10ddaav@gmail.com,9811306426,DDA housing project Pocket 1A sector A1 to A4 Narela District North.,"sector A1 to A4 Narela District North National Capital Territory Of Delhi. , Narela, Delhi, North Delhi , 110040",110040,DLRERA2022P0034,31/08/2023,On going,https://www.rera.delhi.gov.in/registered_promoters_list/online_view_periodic_progress_reports_history/DLRERA2022P0034,Not Applicable
DELHI DEVELOPMENT AUHTORITY,"DELHI DEVELOPMENT AUTHORITY VIKAS SADAN, NEW DELHI,NORTH EAST DELHI,delhi,NORTH EAST DELHI,110023",110023,eesed1dda@gmail.com,7011157572,"C/o 215 Houses at pocket-9B,Jasola","Pocket-9B,Jasola,South Delhi, New Delhi-110020 , South Delhi, Delhi, South Delhi , 110020",110020,DLRERA2022P0033,30/08/2023,On going,https://www.rera.delhi.gov.in/registered_promoters_list/online_view_periodic_progress_reports_history/DLRERA2022P0033,Not Applicable
DELHI DEVELOPMENT AUTHORITY,"Room No. 28, DPD-4, Central Nursery, Sector-5, Dwarka,New Delhi,,,",None,wd10rera@gmail.com,9711788770,"C/o 352 Multistoried two bedroom Apartments adjoining pocket-3 sector-19B,Dwarka Ph-II","Project is located at adjacent to pocket-3 sector-19B dwarka New Delhi , southwest , Delhi, Southwest delhi , 110075",110075,DLRERA2022P0032,30/08/2023,,https://www.rera.delhi.gov.in/registered_promoters_list/online_view_periodic_progress_reports_history/DLRERA2022P0032,Not Applicable
DELHI DEVELOPMENT AUTHORITY,"Room no 31 Central nursery Sector 5 Dwarka ,Dwarka New Delhi,,,",None,wd8dda@gmail.com,9868533888,CONSTRUCTION OF 348 MS-MIG HOUSES AT SECTOR -16B POCKET-II DWARKA PHASE-II,"SECTOR 16B,DWARKA , DWARKA, Delhi, SOUTH WEST DELHI , 110078",110078,DLRERA2022P0031,30/08/2023,On going,https://www.rera.delhi.gov.in/registered_promoters_list/online_view_periodic_progress_reports_history/DLRERA2022P0031,Not Applicable
DELHI DEVELOPMENT AUTHORITY,"EXECUTIVE ENGINEER, DPD-2, DDA, DWARKA PROJECT OFFICE, MANGLAPURI,DWARKA,,,",None,eewd6dda@gmail.com,9868211866,Construction of integrated complex of 273 (276) multi-storied EWS housing with facility building behind DDA project office at Manglapuri (Site No.-IV) (Project on Design and Construct basis,"Site No. IV at Manglapuri, Dwarka behind DDA Dwarka Project Office , Dwarka, Delhi, South West , 110045",110045,DLRERA2022P0030,30/08/2023,On going,https://www.rera.delhi.gov.in/registered_promoters_list/online_view_periodic_progress_reports_history/DLRERA2022P0030,Not Applicable
DELHI DEVELOPMENT AUTHORITY,"O/o Executive Engineer, NPD-2, DDA Office Complex, Munim ji ka Bagh, Narela,Narela,,,",None,eend12ddanz@gmail.com,9810822278,"Construction of 24,660 LIG & 4855 EWS houses by using prefab technology (Having structural RCC Members i.e. columns, beams & slabs all precast or walls and slabs all precast) in Narela & Rohini, Delhi (A turnkey project).","Sector- G-2 & G-6, Narela and Sector- G-7 & G-8, Narela , Narela, Delhi, North West Delhi , 110040",110040,DLRERA2022P0029,30/08/2023,On going,https://www.rera.delhi.gov.in/registered_promoters_list/online_view_periodic_progress_reports_history/DLRERA2022P0029,Not Applicable
DELHI DEVELOPMENT AUTHORITY,"DDA Office Complex Near TV tower Pitampura,Delhi,,,",None,northerndivision9@gmail.com,9873587392,Group Housing Pockets 6 and 7 sector G7/G8 Narela,"Pocket 6 and 7 Sector G7/G8 Narela , Delhi, Delhi, North Delhi , 110040",110040,DLRERA2022P0028,30/08/2023,On going,https://www.rera.delhi.gov.in/registered_promoters_list/online_view_periodic_progress_reports_history/DLRERA2022P0028,Not Applicable
DELHI DEVELOPMENT AUTHORITY,"D2 Vasant Kunj New Delhi - 110070,South West Delhi,,,",None,ddased7@gmail.com,9999683180,C/o 160 HIG Cat II Houses four storeyed & 160 Scooter Garages in sector B Pkt II Vasant Kunj i/c internal development (LIC pocket). SH C/o 80 HIG Cat-II houses and 80 scooter garages i/c internal development Group I (Balance work),"Sector-B Pocket-2 Vasant Kunj New Delhi , Vasant Kunj, Delhi, South Delhi , 110070",110070,DLRERA2022P0027,30/08/2023,On going,https://www.rera.delhi.gov.in/registered_promoters_list/online_view_periodic_progress_reports_history/DLRERA2022P0027,Not Applicable
DELHI DEVELOPMENT AUTHORITY,"SED-8 DDA A-14 KALKAJI EXTENSSION NEW DELHI-110019,SOUTH EAST DELHI,,,",None,spd4dda@gmail.com,9910221966,"C/o 223 (154 MIG+69 LIG) multistoreyed and four storeyed houses i/c basement,internal and external development tube wells and internal electrification complete at Vasant Kunj on Mehrauli-Mahipalpur Road New Delhi.","Sector E-1 Near Mahipalpur , Vasant Kunj, Delhi, South West , 110070",110070,DLRERA2022P0026,30/08/2023,On going,https://www.rera.delhi.gov.in/registered_promoters_list/online_view_periodic_progress_reports_history/DLRERA2022P0026,Not Applicable
DELHI DEVELOPMENT AUTHORITY,"SED-8 DDA A-14 KALKAJI EXTENSSION NEW DELHI-110019,SOUTH EAST DELHI,,,",None,spd4dda@gmail.com,9910221966,"C/o 362 (268 MIG+94 LIG) multistoreyed and four storeyed houses i/c basement,internal and external development tube wells and internal electrification complete at Vasant Kunj on Mehrauli-Mahipalpur Road New Delhi.","Sector E-1 Near Mahipalpur , Vasant Kunj, Delhi, South West , 110070",110070,DLRERA2022P0025,30/08/2023,On going,https://www.rera.delhi.gov.in/registered_promoters_list/online_view_periodic_progress_reports_history/DLRERA2022P0025,Not Applicable
DELHI DEVELOPMENT AUTHORITY,"SD-2 DDA A-14 KALKAJI EXTENSSION NEW DELHI-110019,SOUTH EAST DELHI,,,",None,spd3.dda@gmail.com,9868833147,"C/O 852 HIG/MIG/LIG houses at Vasant Kunj on Mehrauli,mahipalpur Road, New Delhi, Near Sultangarhi Tomb. Part-A : Cluster –1 C/O 207 HIG Houses (Balance work) at the Risk and cost of M/S Larsen & Toubro Limited.","Vasant Kunj , Delhi, Delhi, South , 110070",110070,DLRERA2022P0024,30/08/2023,On going,https://www.rera.delhi.gov.in/registered_promoters_list/online_view_periodic_progress_reports_history/DLRERA2022P0024,Not Applicable
DELHI DEVELOPMENT AUTHORITY,"SD-2 DDA A-14 KALKAJI EXTENSSION NEW DELHI-110019,SOUTH EAST DELHI,,,",None,spd3.dda@gmail.com,9868833147,"C/O 852 HIG/MIG/LIG houses at Vasant Kunj on Mehrauli,mahipalpur Road, New Delhi, Near Sultangarhi Tomb. Part-A : Cluster –4 C/O 209 HIG Houses (Balance work) at the Risk and cost of M/S Larsen & Toubro Limited.","Vasant Kunj New Delhi , Vasant Kunj, Delhi, South West Delhi , 110070",110070,DLRERA2022P0023,30/08/2023,On going,https://www.rera.delhi.gov.in/registered_promoters_list/online_view_periodic_progress_reports_history/DLRERA2022P0023,Not Applicable
DELHI DEVELOPMENT AUTHORITY,"SD-2 DDA A-14 KALKAJI EXTENSSION NEW DELHI-110019,SOUTH EAST DELHI,,,",None,spd3.dda@gmail.com,9868833147,"C/O 852 HIG/MIG/LIG houses at Vasant Kunj on Mehrauli,mahipalpur Road, New Delhi, Near Sultangarhi Tomb. Part-A : Cluster –3 C/O 213 (157 MIG 56 LIG ) Houses Balance work","Vasant Kunj New DElhi , Vasant Kunj, Delhi, South West Delhi , 110070",110070,DLRERA2022P0022,30/08/2023,On going,https://www.rera.delhi.gov.in/registered_promoters_list/online_view_periodic_progress_reports_history/DLRERA2022P0022,Not Applicable
DELHI DEVELOPMENT AUTHORITY,"DDA Office Complex Near TV tower Pitampura,Delhi,,,",None,northerndivision9@gmail.com,9873587392,Group Housing Pockets 4 and 5 sector G7/G8 Narela,"Pocket 4 and 5, Sector G7/G8, Narela , Delhi, Delhi, North Delhi , 110040",110040,DLRERA2022P0021,30/08/2023,On going,https://www.rera.delhi.gov.in/registered_promoters_list/online_view_periodic_progress_reports_history/DLRERA2022P0021,Not Applicable
DLF URBAN PVT. LTD.,"15, Shivaji Marg,New Delhi,delhi,West District,110015",110015,rera.pragati@dupl.in,8929053369,Phase-I of Project Pragati,"Located on parcel of land admeasuring 5684.21 Sq Mtrs at Rohtak Road, near Jakhira Flyover, New Delhi – 110026. , Delhi, Delhi, Delhi , 110026",110026,DLRERA2022P0020,09/08/2025,On going,https://www.rera.delhi.gov.in/registered_promoters_list/online_view_periodic_progress_reports_history/DLRERA2022P0020,Not Applicable
DLF MIDTOWN PRIVATE LIMITED,"15, Shivaji Marg,Shivaji Marg,delhi,West District,110015",110015,rera.pragati@dmtpl.in,9711183804,Phase-II of Project Pragati,"Located on parcel of land admeasuring 5684.21 Sq Mtrs at Rohtak Road, near Jakhira Flyover, New Delhi – 110026. , Delhi, Delhi, Delhi , 110026",110026,DLRERA2022P0019,09/08/2025,On going,https://www.rera.delhi.gov.in/registered_promoters_list/online_view_periodic_progress_reports_history/DLRERA2022P0019,Not Applicable
DLF HOME DEVELOPERS LIMITED,"1ST FLOOR, DLF GATEWAY TOWER, R BLOCK, DLF CITY, PHASE-III GURUGRAM,GURUGRAM,haryana,GURUGRAM,122002",122002,rera.mtp@dlf.in,9899029686,DLF Midtown Plaza,"DLF Midtown, Shivaji Marg, New Delhi-110015 , New Delhi, Delhi, Delhi , 110015",110015,DLRERA2022P0018,07/04/2027,On going,https://www.rera.delhi.gov.in/registered_promoters_list/online_view_periodic_progress_reports_history/DLRERA2022P0018,Not Applicable
PANCH TATVA PROMOTERS PRIVATE LIMITED,"Unit No. 105, First Floor, Vardhman's Sidhant- Shopping Plaza, LSC, Savita Vihar, East Delhi, Delhi-110092,DELHI ,delhi,EAST DELHI ,110092",110092,sawasdeegemsrera@gmail.com,7011751439,SAWASDEE GEMS,"PLOT NO 34, BLOCK / POCKET A-2 , PASCHIM VIHAR , DELHI -110063 , DELHI, Delhi, WEST DELHI , 110063",110063,DLRERA2022P0017,15/12/2026,On going,https://www.rera.delhi.gov.in/registered_promoters_list/online_view_periodic_progress_reports_history/DLRERA2022P0017,Not Applicable
RAVI SHANKAR CO-OPERATIVE GROUP HOUSING LTD.,"plot no 2, sector 13, Dwarka,Delhi,delhi,New Delhi,110078",110078,cghsravishankar@gmail.com,9810126120,RAVI SHANKAR CO-OPERATIVE GROUP HOUSING SOCIETY,"Plot No.2, Dwarka Sector-13, New Delhi-110078 , Dwarka, Delhi, South-West , 110078",110078,DLRERA2022P0016,24/01/2023,Completed,https://www.rera.delhi.gov.in/registered_promoters_list/online_view_periodic_progress_reports_history/DLRERA2022P0016,Not Applicable
ASTEROID SHELTERS HOMES PRIVATE LIMITED,"UNIT NO. 105, FIRST FLOOR, VARDHMAN'S SIDHANT- SHOPPING PLAZA, LSC, SAVITA VIHAR, EAST DELHI, DELHI-110092 ,DELHI ,delhi,EAST DELHI ,110092",110092,noveltystreetrera@gmail.com,7011751439,NOVELTY STREET,"VACANT PLOT OF NOVELTY CINEMA LAND, MAIN ROAD, SHYAMA PRASAD MUKHARJEE MARG, NEAR OLD DELHI RAILWAY STATION, DELHI 110006 , DELHI , Delhi, CENTRAL DELHI , 110006",110006,DLRERA2022P0015,13/06/2025,On going,https://www.rera.delhi.gov.in/registered_promoters_list/online_view_periodic_progress_reports_history/DLRERA2022P0015,Not Applicable
PANCH TATVA PROMOTERS PRIVATE LIMITED,"Unit No. 105, First Floor, Vardhman's Sidhant- Shopping Plaza, LSC, Savita Vihar, East Delhi, Delhi-110092,DELHI ,delhi,EAST DELHI ,110092",110092,sawasdeegemsrera@gmail.com,7011751439,SAWASDEE NSP,"Plot No. G-1, District Centre, Netaji Subhash Place, New Delhi-110034 , DELHI , Delhi, NORTH WEST DELHI , 110034",110034,DLRERA2022P0014,19/11/2026,On going,https://www.rera.delhi.gov.in/registered_promoters_list/online_view_periodic_progress_reports_history/DLRERA2022P0014,Not Applicable
NBCC INDIA LIMITED,"NBCC INDIA LTD NBCC BHAWAN, LODHI ROAD,SOUTH DELHI,,,",None,sales.nauroji@nbccindia.com,8450971027,WORLD TRADE CENTER NEW DELHI Phase III,"WORLD TRADE CENTER- NEW DELHI NAUROJI NAGAR, RING ROAD, NEW DELHI-110029 , South Delhi, Delhi, South Delhi , 110029",110029,DLRERA2022P0013,30/04/2024,,https://www.rera.delhi.gov.in/registered_promoters_list/online_view_periodic_progress_reports_history/DLRERA2022P0013,Not Applicable
NBCC INDIA LIMITED,"NBCC INDIA LTD NBCC BHAWAN, LODHI ROAD,SOUTH DELHI,,,",None,sales.nauroji@nbccindia.com,8450971027,"GPRA Colony at Thyagraj Nagar, New Delhi","GPRA Colony at Thyagraj Nagar, New Delhi-110003 , SOUTH DELHI, Delhi, SOUTH DELHI , 110003",110003,DLRERA2022P0012,31/12/2023,On going,https://www.rera.delhi.gov.in/registered_promoters_list/online_view_periodic_progress_reports_history/DLRERA2022P0012,Not Applicable
COUNTY PROJECTS PRIVATE LIMITED,"Registered Office Address- F-28, GROUND FLOOR, PREET VIHAR,, DELHI - 110092. Corporate Office Address- A-39, Sector -63, Noida, U.P., PIN-201301. Site Address- Plot No.-2, and G-4, District Centre, Netaji Subash Place, Delhi, PIN- 110034 ,Delhi,delhi,East Delhi,110092",110092,rera4@countygroup.in,9899999290,County Courtyard (Wing-B),"Plot No. G-4, Distt. Center Netaji Subhash Place, New Delhi , New Delhi, Delhi, North West Delhi , 110034",110034,DLRERA2022P0009,31/12/2025,,https://www.rera.delhi.gov.in/registered_promoters_list/online_view_periodic_progress_reports_history/DLRERA2022P0009,Not Applicable
COUNTY PROJECTS PRIVATE LIMITED,"Registered Office Address- F-28, GROUND FLOOR, PREET VIHAR,, DELHI - 110092. Corporate Office Address- A-39, Sector -63, Noida, U.P., PIN-201301. Site Address- Plot No.-2, and G-4, District Centre, Netaji Subash Place, Delhi, PIN- 110034 ,Delhi,delhi,East Delhi,110092",110092,rera4@countygroup.in,9899999290,County Courtyard (Wing-A),"Plot No. G-2, District Center Netaji Subhash Place, New Delhi , New Delhi, Delhi, North West Delhi , 110034",110034,DLRERA2022P0008,31/12/2025,,https://www.rera.delhi.gov.in/registered_promoters_list/online_view_periodic_progress_reports_history/DLRERA2022P0008,Not Applicable
ECHO BUILDTECH PRIVATE LIMITED,"E-4, Defence Colony, New Delhi South Delhi DL 110024 IN,South Delhi,delhi,South Delhi,110024",110024,reranoticeecho@gmail.com,9530015118,TARC TRIPUNDRA,"Project to be developed on land admeasuring 14 Bigha 3 Biswa comprised in Khasra No. 8/26/2 situated at village Kapashera, Tehsil Vasant Vihar, New Delhi 110037. Bounded as under: North: Plot no. 8/26/1, 554-555 South: Plot no. 558 to 864 East: Plot no. 547 to 552 West: Road , Vasant Vihar, Delhi, South Delhi , 110037",110037,DLRERA2022P0007,31/05/2026,On going,https://www.rera.delhi.gov.in/registered_promoters_list/online_view_periodic_progress_reports_history/DLRERA2022P0007,Not Applicable
NBCC INDIA LIMITED,"NBCC INDIA LTD NBCC BHAWAN, LODHI ROAD,SOUTH DELHI,,,",None,sales.nauroji@nbccindia.com,8450971027,WORLD TRADE CENTER NEW DELHI (NBCC Redevelopment of 7 GPRA Colonies of Delhi ( Phase II)),"WORLD TRADE CENTER-NEW DELHI, NAUROJI NAGAR, RING ROAD, NEW DELHI-110029 , SOUTH DELHI, Delhi, SOUTH DELHI , 110029",110029,DLRERA2022P0006,31/03/2023,,https://www.rera.delhi.gov.in/registered_promoters_list/online_view_periodic_progress_reports_history/DLRERA2022P0006,Form F for F1(19)PR-18.10.2022.pdf
NBCC INDIA LIMITED,"NBCC INDIA LTD NBCC BHAWAN, LODHI ROAD,SOUTH DELHI,,,",None,sales.nauroji@nbccindia.com,8450971027,WORLD TRADE CENTER NEW DELHI (NBCC Redevelopment of 7 GPRA Colonies of Delhi ( Phase I)),"WORLD TRADE CENTER-NEW DELHI NAUROJI NAGAR, RING ROAD, NEW DELHI-110029 , SOUTH DELHI, Delhi, SOUTH DELHI , 110029",110029,DLRERA2022P0005,31/03/2023,On going,https://www.rera.delhi.gov.in/registered_promoters_list/online_view_periodic_progress_reports_history/DLRERA2022P0005,Form F for F1(03)PR-18.10.2022.pdf
PARSVNATH LANDMARK DEVELOPERS PVT. LTD.,"Parsvnath Tower Near Shahdara Metro Station Shahdara DELHI – 110032,Shahdara,delhi,Shahdara,110032",110032,rera@parsvnath.com,9205809569,Parsvnath La-Tropicana Phase-III,"Parsvnath La-Tropicana, Khyber Pass, Magazine Road, Civil Lines Delhi-110054 , Civil Lines, Delhi, North Delhi , 110054",110054,DLRERA2022P0004,13/10/2025,On going,https://www.rera.delhi.gov.in/registered_promoters_list/online_view_periodic_progress_reports_history/DLRERA2022P0004,Not Applicable
PARSVNATH LANDMARK DEVELOPERS PVT. LTD.,"Parsvnath Tower Near Shahdara Metro Station Shahdara DELHI – 110032,Shahdara,delhi,Shahdara,110032",110032,rera@parsvnath.com,9205809569,Parsvnath La-Tropicana Phase-II,"Parsvnath La-Tropicana, Khyber Pass, Magazine Road, Civil Lines Delhi-110054 , Civil Lines, Delhi, North Delhi , 110054",110054,DLRERA2022P0003,13/10/2025,On going,https://www.rera.delhi.gov.in/registered_promoters_list/online_view_periodic_progress_reports_history/DLRERA2022P0003,Not Applicable
PARSVNATH LANDMARK DEVELOPERS PVT. LTD.,"Parsvnath Tower Near Shahdara Metro Station Shahdara DELHI – 110032,Shahdara,delhi,Shahdara,110032",110032,rera@parsvnath.com,9205809569,Parsvnath La-Tropicana Phase-I,"Parsvnath La-Tropicana, Khyber Pass, Magazine Road, Civil Lines Delhi-110054 , Civil Lines, Delhi, North Delhi , 110054",110054,DLRERA2022P0002,13/10/2025,On going,https://www.rera.delhi.gov.in/registered_promoters_list/online_view_periodic_progress_reports_history/DLRERA2022P0002,Not Applicable
GODREJ PROJECTS NORTH LLP,"Godrej One, 5th Floor, Pirojshanagar, Eastern Express Highway, Vikhroli (E), Mumbai. ,Vikroli,maharastra,Mumbai,400079",400079,Godrejprojectsnorthllp@gmail.com,8800010790,Godrej Connaught One,"88/1-A, Lady Hardinge Road (now known as 14, Lady Hardinge Road), New Delhi , Central Delhi, Delhi, Central Delhi , 110001",110001,DLRERA2022P0001,31/07/2025,On going,https://www.rera.delhi.gov.in/registered_promoters_list/online_view_periodic_progress_reports_history/DLRERA2022P0001,Not Applicable
DLF URBAN PRIVATE LIMITED,"15, Shivaji Marg, New Delhi, Delhi-110015 ,New Delhi,delhi,Delhi,110015",110015,rera@dupl.in,89290 53369,ONE Midtown,"15 Shivaji Marg, New delhi, 110015 , New delhi, Delhi, Delhi , 110015",110015,DLRERA2021P0007,12/07/2026,,https://www.rera.delhi.gov.in/registered_promoters_list/online_view_periodic_progress_reports_history/DLRERA2021P0007,Not Applicable
BOUNTIFUL INFRAPROJECTS PRIVATE LIMITED,"UNIT NO 105, FIRST FLOOR, VARDHMAN'S SIDHANT SHOPPING PLAZA, LSC SAVITA VIHAR , DELHI 110092,DELHI ,delhi,EAST DELHI ,110092",110092,sawasdee18rohini@gmail.com,7011751439,SAWASDEE 18,"LOCAL SHOPPING CENTRE BLOCK E , SECTOR -18, ROHINI , NEW DELHI 110089 , NORTH WEST DELHI , Delhi, NORTH WEST DELHI , 110089",110089,DLRERA2021P0006,15/01/2025,On going,https://www.rera.delhi.gov.in/registered_promoters_list/online_view_periodic_progress_reports_history/DLRERA2021P0006,Not Applicable
DELHI MUNICIPAL PRESS CO-OPERATIVE GROUP HOUSING SOCIETY LTD,"DELHI MUNICIPAL PRESS C.G.H.S LTD. PLOT NO.29A, SECTOR-10, DWARKA, NEW DELHI-110075,DWARKA,delhi,SOUTH-WEST,110075",110075,dmpcghsdwarka@gmail.com,9811069821,DELHI MUNICIPAL PRESS COOPERATIVE GROUP HOUSING SOCIETY LTD.,"Plot No.29A, Sector-10, Dwarka, New Delhi-110075 , Dwarka, Delhi, South West , 110075",110075,DLRERA2021P0005,,Completed,https://www.rera.delhi.gov.in/registered_promoters_list/online_view_periodic_progress_reports_history/DLRERA2021P0005,Not Applicable
UNITY BUILDWELL LIMITED,"G3, AGGARWAL CORPORATE TOWER, PLOT NO.23, DISTRICT CENTRE RAJENDRA PLACE,NEW DELHI,delhi,CENTRAL,110008",110008,ubl_rera@unitygroup.in,9968117566,CITY CENTRE-II,"Plot No.4, Sector-12, Dwarka, Opp. Dwarka Sector 12 Metro Station , New Delhi, Delhi, South West , 110075",110075,DLRERA2021P0004,31/12/2023,On going,https://www.rera.delhi.gov.in/registered_promoters_list/online_view_periodic_progress_reports_history/DLRERA2021P0004,Form F for F1(103)PR-08.04.2022.pdf
OMAXE LIMITED,"SHOP NO-19-B, FIRST FLOOR OMAXE CELEBRATION MALL, SOHNA ROAD GURGAON ,Gurgaon,haryana,Gurgaon,122001",122001,rera_delhi@omaxe.com,9999999316,Omaxe Square,"Plot no 14, NHCC, at Jasola New Delhi , Delhi, Delhi, Delhi , 110020",110020,DLRERA2021P0003,31/03/2023,,https://www.rera.delhi.gov.in/registered_promoters_list/online_view_periodic_progress_reports_history/DLRERA2021P0003,Not Applicable
PARSVNATH REALCON PRIVATE LIMITED,"Parsvnath Tower Near Shahdara Metro Station Shahdara,Shahdara,delhi,Shahdara,110032",110032,rera@parsvnath.com,9205809569,Parsvnath Paramount,"Near Subhash Nagar Metro Station Subhash Nagar , Subhash Nagar, Delhi, New Delhi , 110027",110027,DLRERA2021P0002,23/03/2023,On going,https://www.rera.delhi.gov.in/registered_promoters_list/online_view_periodic_progress_reports_history/DLRERA2021P0002,Not Applicable
HIPTAGE INFRASTRUCTURE PRIVATE LIMITED,"216-B, DEVIKA TOWER 6, NEHRU PLACE,NEW DELHI,delhi,SOUTH DELHI,110019",110019,info@pragatigroup.in,"9899423481, 8527144403",DEVIKA SADAR,"MULTILEVEL PARKING CUM COMMERCIAL COMPLEX AT QUTUB ROAD, DELHI , Delhi, Delhi, North Delhi , 110006",110006,DLRERA2021P0001,31/03/2022,,https://www.rera.delhi.gov.in/registered_promoters_list/online_view_periodic_progress_reports_history/DLRERA2021P0001,Form F for F1(92)PR-07.04.2022.pdf
BEST REALTY LLP,"2nd floor, 201, Plot No. H-8, Best Plaza, Netaji Subhash Place, Pitampura,North West Delhi,delhi,Delhi,110034",110034,info@bestfield.co.in,9888464646,BESTFIELD,"Plot-A , Adjoining Block-H, Netaji Subash Place, Wazipur District Center New Delhi , Delhi, Delhi, Delhi , 110034",110034,DLRERA2020P0006,29/05/2025,On going,https://www.rera.delhi.gov.in/registered_promoters_list/online_view_periodic_progress_reports_history/DLRERA2020P0006,Not Applicable
BI LUXURY RESIDENCES PVT. LTD.,"54 Janpath ,NEW DELHI,delhi,DELHI,110001",110001,sb@bipgroup.com,9810000000,Trident Residences,"8, 9 & 11 Link Road, Jangpura Extension, New Delhi. , South Delhi/ New Delhi, Delhi, South Delhi , 110014",110014,DLRERA2020P0005,28/08/2023,,https://www.rera.delhi.gov.in/registered_promoters_list/online_view_periodic_progress_reports_history/DLRERA2020P0005,Form F for F1(96)PR-18.10.2022.pdf
THE HAMDAM C.G.H.S. LTD.,"PLOT NO 7, SECTOR 18A, DWARKA, NEW DELHI,DWARKA,delhi,SOUTH WEST,110075",110075,sackum2010@gmail.com,9818457132,The Hamdam CGHS LTD,"Hamdam CGHS LTD, Plot no 7, Sector 18a, Dwarka, New Delhi-110075 , DWARKA, Delhi, SOUTH WEST , 110075",110075,DLRERA2020P0004,,Completed,https://www.rera.delhi.gov.in/registered_promoters_list/online_view_periodic_progress_reports_history/DLRERA2020P0004,Not Applicable
INDIAN STATISTICAL INSTITUTE CO-OP GROUP HOUSING SOCIETY LTD.,"Plot No. 07, Co-op. Group Housing Societies Complex, Dhirpur Phase-1, Delhi – 110009 ,Delhi,delhi,Delhi,110009",110009,isicghsltd@yahoo.com,9582117737,Indian Statistical Co-op. Group Housing Society Ltd.,"Plot No.07, Co-op Group Housing Complex, Dhirpur, Phase I, Delhi - 10009 (Near Nirankari Complex) , Delhi, Delhi, Delhi , 110009",110009,DLRERA2020P0003,,Completed,https://www.rera.delhi.gov.in/registered_promoters_list/online_view_periodic_progress_reports_history/DLRERA2020P0003,Not Applicable
INDOTECH INFRACON PRIVATE LIMITED,"12, C D, 2nd Floor, Vasant Square Mall, B 5 Vasant Kunj, New Delhi 110070 ,Vasant Kunj,delhi,Vasant Kunj,110070",110070,combomind@gmail.com,7905837446,Rang Homes - Punjabi Bagh,"Opposite Veer Savarkar Park, Punjabi Bagh New Delhi , South West Delhi, Delhi, Delhi , 110026",110026,DLRERA2020P0002,30/10/2024,On going,https://www.rera.delhi.gov.in/registered_promoters_list/online_view_periodic_progress_reports_history/DLRERA2020P0002,Not Applicable
SARV PRIYA MAHAJAN CGHS,"202 VARDHMAN AVON SHOPPING PLAZA C BLOCK MARKET SARASWATI VIHAR PITAMPURA,DELHI,delhi,NORTH WEST,110034",110034,satishchanderaggarwal@yahoo.in,9810716335,Sarv Priya Mahajan CGHS Ltd.,"14/1, Sector-14, Dwarka, New Delhi , South West, Delhi, South West , 110075",110075,DLRERA2020P0001,26/06/2024,On going,https://www.rera.delhi.gov.in/registered_promoters_list/online_view_periodic_progress_reports_history/DLRERA2020P0001,Form F for F1(79)PR-05.06.20220.pdf
OMAXE HERITAGE PRIVATE LIMITED ( F.K.A. ANSH BUILDERS PRIVATE LIMITED),"10 LOCAL SHOPPING CENTRE KALKAJI,NEW DELHI,DELHI,delhi,DELHI,110019",110019,rera@omaxe.com,9999999316,Omaxe Chandni Chowk,"Gandhi Maidan, H. C Sen Marg, Chandni Chowk, Delhi-110 006. , DELHI, Delhi, NORTH DELHI , 110006",110006,DLRERA2019P0005,31/07/2023,On going,https://www.rera.delhi.gov.in/registered_promoters_list/online_view_periodic_progress_reports_history/DLRERA2019P0005,Form F for F1(60)PR-05.06.20220.pdf
MAHARISHI DAYANAND CO-OPERATIVE GROUP HOUSING SOCIETY LTD,"B-4 (Adjoining B-5 & B-6, DDA Flats) Vasant Kunj,New Delhi,delhi,South-West Delhi,110070",110070,mdcghs1175@gmail.com,9811816791,Maharishi Dayanand Co-Operative Group Housing Society Ltd,"B-4, (Adjoining B-5 & B-6, DDA Flats), Vasant Kunj, New Delhi. 110070 , New Delhi, Delhi, South West Delhi , 110070",110070,DLRERA2019P0004,24/04/2023,On going,https://www.rera.delhi.gov.in/registered_promoters_list/online_view_periodic_progress_reports_history/DLRERA2019P0004,Form F for F1(28)PR-05.06.20220.pdf
GODREJ VESTAMARK LLP,"Godrej One, 5th Floor, Pirojshanagar, Eastern Express Highway, Vikhroli (East),Mumbai,maharastra,Mumbai,400079",400079,godrejokhla@godrejproperties.com,8800010790,Godrej South Estate,"Plot No B 319, Okhla Industrial Area, Phase I, New Delhi , New Delhi, Delhi, New Delhi , 110020",110020,DLRERA2019P0003,30/08/2025,On going,https://www.rera.delhi.gov.in/registered_promoters_list/online_view_periodic_progress_reports_history/DLRERA2019P0003,Form F for F1(51)PR-05.06.20220.pdf
A P REAL ESTATES,"715,7th Floor, P P Trade Centre, P-1, Netaji Place,Pitampura, Delhi,New Delhi,delhi,north west,110034",110034,apwonder465@gmail.com,9711232765,A.P. Wonders,"opp. Pillar No-465, Near Rithala Metro, Rithala Delhi , New Delhi, Delhi, North West , 110085",110085,DLRERA2019P0002,30/04/2021,On going,https://www.rera.delhi.gov.in/registered_promoters_list/online_view_periodic_progress_reports_history/DLRERA2019P0002,Form F for F1(16)PR-05.06.20220.pdf
THE BHAGWATI CGHS LTD,"Plot No-1A , Sector-22, Dwarka , New Delhi,South West Delhi,delhi,South West Delhi,110077",110077,bhagwati_cghs@rediffmail.com,9910933811,The Bhagwati CGHS Ltd,"Plot No-1A, Sector-22, Dwarka , South West Delhi, Delhi, South West Delhi , 110077",110077,DLRERA2019P0001,31/07/2020,On going,https://www.rera.delhi.gov.in/registered_promoters_list/online_view_periodic_progress_reports_history/DLRERA2019P0001,Form F for F1(17)PR-05.06.20220.pdf
M K S TOWERS INTERNATIONAL PRIVATE LIMITED,"1110, 11th Floor, D-Mall, District Centre Wazirpur Netaji Subhash Place,Pitampura,delhi,North West Delhi,110034",110034,INFO@MKSVENTURES.IN,9599998111,MKS Shiva Market,"Multilevel Car Parking, Pitampura Village, abutting Outer Ring Road, Madhuban Chowk , Delhi, Delhi, North West Delhi , 110034",110034,DLRERA2018P0016,06/09/2022,On going,https://www.rera.delhi.gov.in/registered_promoters_list/online_view_periodic_progress_reports_history/DLRERA2018P0016,Form F for F1(26)PR-05.06.20220.pdf
ANTARCTICA PROPERTIES COMPANY LIMITED.,"PLOT NO. 4B, MAYUR VIHAR DISTRICT CENTER PHASE-I EXTENSION,delhi,delhi,Delhi,110091",110091,propertiesantarctica@gmail.com,9999359873,The Address,"Plot No. 4B, Mayur vihar, District Centre, Phase -1 Extension , Delhi, Delhi, Delhi , 110091",110091,DLRERA2018P0015,30/04/2020,Completed,https://www.rera.delhi.gov.in/registered_promoters_list/online_view_periodic_progress_reports_history/DLRERA2018P0015,Not Applicable
BRILLIANT ETOILE PRIVATE LIMITED,"B-71, FLATTED FACTORY COMPLEX, OKHLA-III, MODI MILL,SOUTH DELHI,delhi,SOUTH DELHI,110020",110020,raghvendera@risland.com,9871717863,Sky Mansion,"Sky Mansion ,100/1, Chandan Hola , Hauz Khas, Delhi, South Delhi , 110074",110074,DLRERA2018P0014,25/08/2021,On going,https://www.rera.delhi.gov.in/registered_promoters_list/online_view_periodic_progress_reports_history/DLRERA2018P0014,Form F for F1(24)PR-05.06.20220.pdf
RAHEJA DEVELOPERS LIMITED,"W4D, 204/5, Keshav Kunj, Cariappa Marg, Western Avenue, Sainik Farms,New Delhi,delhi,Delhi,110062",110062,shreya.goel@raheja.com,9971091904,"Raheja Mall, Kathputli Colony","Kathputli Colony, Main Patel Nagar, New Delhi , Delhi, Delhi, Delhi , 110008",110008,DLRERA2018P0013,25/06/2020,On going,https://www.rera.delhi.gov.in/registered_promoters_list/online_view_periodic_progress_reports_history/DLRERA2018P0013,F.1(20)Execution-PR-RERA-2018.pdf
PARSVNATH DEVELOPERS LIMITED,"Parsvnath Tower, Near Shahdara Metro Station Shahdara ,Shahdara,delhi,Shahdara,110032",110032,rera@parsvnath.com,9205809569,The Parsvnath 27,"27 K. G. Marg New Delhi , New Delhi, Delhi, Delhi , 110001",110001,DLRERA2018P0012,31/10/2019,Completed,https://www.rera.delhi.gov.in/registered_promoters_list/online_view_periodic_progress_reports_history/DLRERA2018P0012,Not Applicable
BASANT PROJECTS LIMITED,"G-3, AGGARWAL CORPORATE TOWER, 23, DISTT. CENTRE, RAJENDRA PLACE,DELHI,delhi,CENTRAL,110008",110008,basant_rera4@unitygroup.in,9968117566,THE AMARYLLIS PHASE-III,"NEW ROHTAK ROAD, KAROL BAGH, DELHI , NEW DELHI, Delhi, CENTRAL , 110005",110005,DLRERA2018P0011,31/12/2021,On going,https://www.rera.delhi.gov.in/registered_promoters_list/online_view_periodic_progress_reports_history/DLRERA2018P0011,Form F for F1(23)PR-05.06.20220.pdf
BASANT PROJECTS LIMITED,"G-3, AGGARWAL CORPORATE TOWER, 23, DISTT. CENTRE, RAJENDRA PLACE,DELHI,delhi,CENTRAL,110008",110008,basant_rera4@unitygroup.in,9968117566,THE AMARYLLIS PHASE-IV,"NEW ROHTAK ROAD, KAROL BAGH, DELHI , DELHI, Delhi, CENTRAL , 110005",110005,DLRERA2018P0009,31/12/2022,On going,https://www.rera.delhi.gov.in/registered_promoters_list/online_view_periodic_progress_reports_history/DLRERA2018P0009,"Form F for F1(22)PR-05.06.20220.pdf, Form F for F1(22)PR-08.04.2022.pdf"
BASANT PROJECTS LIMITED,"G-3, AGGARWAL CORPORATE TOWER, 23, DISTT. CENTRE, RAJENDRA PLACE,DELHI,delhi,CENTRAL,110008",110008,basant_rera4@unitygroup.in,9968117566,THE AMARYLLIS PHASE-II,"KAROL BAGH , NEW DELHI, Delhi, CENTRAL , 110005",110005,DLRERA2018P0007,30/07/2021,On going,https://www.rera.delhi.gov.in/registered_promoters_list/online_view_periodic_progress_reports_history/DLRERA2018P0007,Form F for F1(13)PR-05.06.20220.pdf
RAHEJA DEVELOPERS LIMITED,"W4D, 204/5, Keshav Kunj, Cariappa Marg, Western Avenue, Sainik Farms,New Delhi,delhi,Delhi,110062",110062,shreya.goel@raheja.com,9971091904,"Navin Minar, Phase I, Tower A, Kathputli Colony","Kathputli Colony, near Shadipur Depot, Patel Nagar, New Delhi , New Delhi, Delhi, New Delhi , 110008",110008,DLRERA2018P0005,,On going,https://www.rera.delhi.gov.in/registered_promoters_list/online_view_periodic_progress_reports_history/DLRERA2018P0005,F.1(1)Execution-PR-RERA-2017.pdf
PUREARTH INFRASTRUCTURE LTD.,"6TH FLOOR, VIKRANT TOWER, 4 RAJENDRA PLACE,CENTRAL,delhi,CENTRAL,110008",110008,admin@purearth.in,9810501816,THE AMARYLLIS PHASE-1,"KAROL BAGH , NEW DELHI, Delhi, CENTRAL , 110005",110005,DLRERA2018P0004,31/01/2020,Completed,https://www.rera.delhi.gov.in/registered_promoters_list/online_view_periodic_progress_reports_history/DLRERA2018P0004,Form F for F1(12)PR-07.12.2017.pdf
PURI BUILDWELL PRIVATE LIMITED,"Plot No. 13, Pocket C-9, Sector -7, Rohini,Delhi,delhi,Delhi,110085",110085,puribuildwell@yahoo.com,9811418997,PP CITY CENTRE,"PLOT NO. 3, ROAD NO. 44, PITAM PURA, DELHI -110034 , DELHI, Delhi, Delhi , 110034",110034,DLRERA2018P0003,31/12/2018,Completed,https://www.rera.delhi.gov.in/registered_promoters_list/online_view_periodic_progress_reports_history/DLRERA2018P0003,Not Applicable
TIRATH RAM AHUJA PRIVATE LIMITED,"B-II/49, MOHAN CO-OPERATIVE INDL. AREA, BADARPUR,NEW DELHI,delhi,SOUTH DELHI,110044",110044,account@traengineers.com,01141094982,AVANT GARDE PROJECT,"11 FRIENDS COLONY WEST, NEW DELHI-110065 , NEW DELHI, Delhi, SOUTH DELHI , 110065",110065,DLRERA2018P0002,31/12/2022,On going,https://www.rera.delhi.gov.in/registered_promoters_list/online_view_periodic_progress_reports_history/DLRERA2018P0002,F.1(11)Extension-PR-RERA-2017 10-01-2023.pdf
PRATHAM INFRATECH PRIVATE LIMITED,"Ground Floor, Metro Station Box, Sector-12, Dwarka, New Delhi - 110075,",None,info@vegasmall.in,011-48584400,The Vegas,"Plot no-6, Sec-14(North) Dwarka, New Delhi -110075",110075,DLRERA2018P0001,28/01/2021,Completed,https://www.rera.delhi.gov.in/registered_promoters_list/view_periodic_progress_reports_history/DLRERA2018P0001,Form F for F1(09)PR-05.06.20220.pdf
GEMSTAR BUILDERS & DEVELOPERS PRIVATE LTD.,"A-23, 3rd Floor, Green Park Main, New Delhi - 110016",110016,gemstarbuilders@gmail.com,011-41745442,Gemstar Builders & Developers Private Ltd.,"A-94, NeetiBagh, South Delhi District, State New Delhi-110049",110049,DLRERA2018P0006,04/03/2019,Completed,https://www.rera.delhi.gov.in/registered_promoters_list/view_periodic_progress_reports_history/DLRERA2018P0006,Not Applicable
